region,currency,price_display,price_micros,status,basis
US,USD,5.99,5990000,set,基準価格。税抜き表示（州税は購入時に加算）。research の推奨帯 US$4.99〜6.99 の中央。教員の自腹購入は年 US$895 規模（overseas-demand.md O節）
JP,JPY,980,980000000,set,国内の基準。税込みで手取り¥891≈US$5.94＝USとほぼ等価。competitors.md 5.3節の ¥610〜¥980 帯の上端（年1回・何時間もかかる作業が数分になる）
KR,KRW,7900,7900000000,set,"税込み（VAT10%）で手取り₩7,182≈US$5.2。반편성は毎年・全学年で分離配置の法的必要もあり需要が強い。₩x,900 の刻み。₩6,900 は価格テストの候補"
GB,GBP,4.99,4990000,set,VAT20%込みで手取り£4.16≈US$5.5。英国の実用アプリの慣例的な価格帯
CA,CAD,7.99,7990000,set,≈US$5.8。カナダは税抜き表示（購入時に州税を加算）【要確認】
AU,AUD,8.99,8990000,set,GST10%込みで手取りA$8.17≈US$5.4。store-listing.md の目安と同じ
NZ,NZD,9.99,9990000,set,GST15%込みで手取りNZ$8.69≈US$5.2
CH,CHF,5.00,5000000,set,VAT8.1%込みで手取りCHF4.63≈US$5.7。スイスは .00 の刻みが普通【推定】
AT,EUR,5.99,5990000,set,ユーロ圏は全加盟国を同じ€5.99に揃える（一部だけ書くと自動換算の€6.29などが混ざる）。VAT19%（DE）込みで手取り€5.03≈US$5.8
BE,EUR,5.99,5990000,set,ユーロ圏は全加盟国を同じ€5.99に揃える（一部だけ書くと自動換算の€6.29などが混ざる）。VAT19%（DE）込みで手取り€5.03≈US$5.8
CY,EUR,5.99,5990000,set,ユーロ圏は全加盟国を同じ€5.99に揃える（一部だけ書くと自動換算の€6.29などが混ざる）。VAT19%（DE）込みで手取り€5.03≈US$5.8
DE,EUR,5.99,5990000,set,ユーロ圏は全加盟国を同じ€5.99に揃える（一部だけ書くと自動換算の€6.29などが混ざる）。VAT19%（DE）込みで手取り€5.03≈US$5.8
EE,EUR,5.99,5990000,set,ユーロ圏は全加盟国を同じ€5.99に揃える（一部だけ書くと自動換算の€6.29などが混ざる）。VAT19%（DE）込みで手取り€5.03≈US$5.8
ES,EUR,5.99,5990000,set,ユーロ圏は全加盟国を同じ€5.99に揃える（一部だけ書くと自動換算の€6.29などが混ざる）。VAT19%（DE）込みで手取り€5.03≈US$5.8
FI,EUR,5.99,5990000,set,ユーロ圏は全加盟国を同じ€5.99に揃える（一部だけ書くと自動換算の€6.29などが混ざる）。VAT19%（DE）込みで手取り€5.03≈US$5.8
FR,EUR,5.99,5990000,set,ユーロ圏は全加盟国を同じ€5.99に揃える（一部だけ書くと自動換算の€6.29などが混ざる）。VAT19%（DE）込みで手取り€5.03≈US$5.8
GR,EUR,5.99,5990000,set,ユーロ圏は全加盟国を同じ€5.99に揃える（一部だけ書くと自動換算の€6.29などが混ざる）。VAT19%（DE）込みで手取り€5.03≈US$5.8
HR,EUR,5.99,5990000,set,ユーロ圏は全加盟国を同じ€5.99に揃える（一部だけ書くと自動換算の€6.29などが混ざる）。VAT19%（DE）込みで手取り€5.03≈US$5.8
IE,EUR,5.99,5990000,set,ユーロ圏は全加盟国を同じ€5.99に揃える（一部だけ書くと自動換算の€6.29などが混ざる）。VAT19%（DE）込みで手取り€5.03≈US$5.8
IT,EUR,5.99,5990000,set,ユーロ圏は全加盟国を同じ€5.99に揃える（一部だけ書くと自動換算の€6.29などが混ざる）。VAT19%（DE）込みで手取り€5.03≈US$5.8
LT,EUR,5.99,5990000,set,ユーロ圏は全加盟国を同じ€5.99に揃える（一部だけ書くと自動換算の€6.29などが混ざる）。VAT19%（DE）込みで手取り€5.03≈US$5.8
LU,EUR,5.99,5990000,set,ユーロ圏は全加盟国を同じ€5.99に揃える（一部だけ書くと自動換算の€6.29などが混ざる）。VAT19%（DE）込みで手取り€5.03≈US$5.8
LV,EUR,5.99,5990000,set,ユーロ圏は全加盟国を同じ€5.99に揃える（一部だけ書くと自動換算の€6.29などが混ざる）。VAT19%（DE）込みで手取り€5.03≈US$5.8
MT,EUR,5.99,5990000,set,ユーロ圏は全加盟国を同じ€5.99に揃える（一部だけ書くと自動換算の€6.29などが混ざる）。VAT19%（DE）込みで手取り€5.03≈US$5.8
NL,EUR,5.99,5990000,set,ユーロ圏は全加盟国を同じ€5.99に揃える（一部だけ書くと自動換算の€6.29などが混ざる）。VAT19%（DE）込みで手取り€5.03≈US$5.8
PT,EUR,5.99,5990000,set,ユーロ圏は全加盟国を同じ€5.99に揃える（一部だけ書くと自動換算の€6.29などが混ざる）。VAT19%（DE）込みで手取り€5.03≈US$5.8
SI,EUR,5.99,5990000,set,ユーロ圏は全加盟国を同じ€5.99に揃える（一部だけ書くと自動換算の€6.29などが混ざる）。VAT19%（DE）込みで手取り€5.03≈US$5.8
SK,EUR,5.99,5990000,set,ユーロ圏は全加盟国を同じ€5.99に揃える（一部だけ書くと自動換算の€6.29などが混ざる）。VAT19%（DE）込みで手取り€5.03≈US$5.8
BG,EUR,5.99,5990000,confirm,2026-01-01 にユーロ導入。Play 側の通貨が EUR に切り替わっているかを Play Console で確認してから有効にする
BR,BRL,19.90,19900000,set,"約0.53×US（税込み）。overseas-demand.md A.8 の R$14,90〜19,90 の上端。買うのは学校の coordenação・secretaria が年1回。末尾は ,90 の慣例。R$14,90 は価格テストの候補【推定】"
MX,MXN,79.00,79000000,set,約0.62×US（IVA16%込み）。末尾9の慣例。中南米で最大の市場だが南半球の国より編成の季節が遅い（6〜8月）【推定】
CL,CLP,3990,3990000000,set,約0.6×US（IVA19%込み）。南米で相対的に所得が高く私立補助校が過半（A.3）。A.8 の CLP 2.990〜3.990 の上端。ゼロ小数通貨
CO,COP,12900,12900000000,set,約0.45×US（IVA19%込み）。A.8 の COP 12.900〜16.900 の下端（WTP 低〜中）。ゼロ小数通貨
PE,PEN,10.90,10900000,set,"約0.43×US（IGV18%込み）。A.8 の PEN 9,90〜14,90 の中ほど（WTP 低）"
EC,USD,3.99,3990000,set,ドル化した国。自動ではUS$5.99がそのまま付くので、購買力に合わせて下げる【推定】
AR,ARS,4999.00,4999000000,confirm,インフレと為替規制で個人の購入は難しい（A.2）。Play の AR の通貨（ARS か USD か）と現在の為替を Play Console で確認してから有効にする。有効にしたら四半期ごとに見直す
